cz,cx,cy,a,b,theta,R3,R4,phi,E,E_i01,E_i02,E_ip1,E_ip2,E_ip3,E_ip4,E_it1,E_it2,E_it3,E_it4,machine_type,status,file_name
11.9,0.8,-2.4,7.7,5.9,26.5,-0.2,-0.5,,-4.935497926,-0.491867438,-1.638114855,-1.730879658,-0.039539405,-0.942381968,-0.061282627,-0.537010508,-0.121554962,-0.192413391,-1.63248609,2,Done,BTBT_a=7.7_b=5.9_theta=26.5_R3=-0.2_R4=-0.5_cx=0.8_cy=-2.4_cz=11.9.log
11.9,-0.8,-2.4,7.7,5.9,26.5,-0.2,-0.5,,-4.88487042,-1.638114855,-0.491867438,-0.942381968,-0.061282627,-1.730879658,-0.039539405,-1.554881929,-0.179398834,-0.127635534,-0.570921148,2,Done,BTBT_a=7.7_b=5.9_theta=26.5_R3=-0.2_R4=-0.5_cx=-0.8_cy=-2.4_cz=11.9.log
11.9,0.8,-2.4,7.7,5.9,26.5,-0.25,-0.5,,-4.91057323,-0.491867438,-1.638114855,-1.730879658,-0.039539405,-0.942381968,-0.061282627,-0.55378385,-0.124560735,-0.185805711,-1.594389958,2,Done,BTBT_a=7.7_b=5.9_theta=26.5_R3=-0.25_R4=-0.5_cx=0.8_cy=-2.4_cz=11.9.log
11.9,-0.8,-2.4,7.7,5.9,26.5,-0.25,-0.5,,-4.91057323,-1.638114855,-0.491867438,-0.942381968,-0.061282627,-1.730879658,-0.039539405,-1.594389958,-0.185805711,-0.124560735,-0.55378385,1,Done,BTBT_a=7.7_b=5.9_theta=26.5_R3=-0.25_R4=-0.5_cx=-0.8_cy=-2.4_cz=11.9.log
11.8,0.8,-2.4,7.7,5.9,26.5,-0.2,-0.5,,-4.86067991,-0.103878005,-1.665122885,-1.815430355,-0.041817266,-0.814928412,-0.064118972,-0.570921148,-0.127635534,-0.206312738,-1.703162542,2,Done,BTBT_a=7.7_b=5.9_theta=26.5_R3=-0.2_R4=-0.5_cx=0.8_cy=-2.4_cz=11.8.log
11.8,-0.8,-2.4,7.7,5.9,26.5,-0.2,-0.5,,-4.817789601,-1.665122885,-0.103878005,-0.814928412,-0.064118972,-1.815430355,-0.041817266,-1.632479815,-0.192413391,-0.13397966,-0.606268786,2,Done,BTBT_a=7.7_b=5.9_theta=26.5_R3=-0.2_R4=-0.5_cx=-0.8_cy=-2.4_cz=11.8.log
11.8,0.8,-2.4,7.7,5.9,26.5,-0.25,-0.5,,-4.839946979,-0.103878005,-1.665122885,-1.815430355,-0.041817266,-0.814928412,-0.064118972,-0.588416127,-0.130779359,-0.19925325,-1.668850295,2,Done,BTBT_a=7.7_b=5.9_theta=26.5_R3=-0.25_R4=-0.5_cx=0.8_cy=-2.4_cz=11.8.log
11.8,-0.8,-2.4,7.7,5.9,26.5,-0.25,-0.5,,-4.839946979,-1.665122885,-0.103878005,-0.814928412,-0.064118972,-1.815430355,-0.041817266,-1.668850295,-0.19925325,-0.130779359,-0.588416127,1,Done,BTBT_a=7.7_b=5.9_theta=26.5_R3=-0.25_R4=-0.5_cx=-0.8_cy=-2.4_cz=11.8.log
12,0.8,-2.4,7.7,5.9,26.5,-0.2,-0.5,,-4.88941673,-0.737650555,-1.583609337,-1.641748138,-0.037374496,-1.010717807,-0.058559233,-0.504587066,-0.115719119,-0.179398834,-1.554881929,2,Done,BTBT_a=7.7_b=5.9_theta=26.5_R3=-0.2_R4=-0.5_cx=0.8_cy=-2.4_cz=12.0.log
12,-0.8,-2.4,7.7,5.9,26.5,-0.2,-0.5,,-4.833292235,-1.583609337,-0.737650555,-1.010717807,-0.058559233,-1.641748138,-0.037374496,-1.472684394,-0.16721259,-0.121554962,-0.537010508,2,Done,BTBT_a=7.7_b=5.9_theta=26.5_R3=-0.2_R4=-0.5_cx=-0.8_cy=-2.4_cz=12.0.log
12,0.8,-2.4,7.7,5.9,26.5,-0.25,-0.5,,-4.86147371,-0.737650555,-1.583609337,-1.641748138,-0.037374496,-1.010717807,-0.058559233,-0.520607396,-0.11859939,-0.17320531,-1.514231831,2,Done,BTBT_a=7.7_b=5.9_theta=26.5_R3=-0.25_R4=-0.5_cx=0.8_cy=-2.4_cz=12.0.log
12,-0.8,-2.4,7.7,5.9,26.5,-0.25,-0.5,,-4.86147371,-1.583609337,-0.737650555,-1.010717807,-0.058559233,-1.641748138,-0.037374496,-1.514231831,-0.17320531,-0.11859939,-0.520607396,1,Done,BTBT_a=7.7_b=5.9_theta=26.5_R3=-0.25_R4=-0.5_cx=-0.8_cy=-2.4_cz=12.0.log
11.9,1.1,-2.3,7.7,5.9,26.5,-0.2,-0.5,,-4.909697853,-0.393875477,-1.713152501,-1.615078963,-0.036000249,-0.952955511,-0.066239956,-0.42609184,-0.116459581,-0.221448279,-1.757046825,2,Done,BTBT_a=7.7_b=5.9_theta=26.5_R3=-0.2_R4=-0.5_cx=1.1_cy=-2.3_cz=11.9.log
11.9,-1.1,-2.3,7.7,5.9,26.5,-0.2,-0.5,,-4.873026169,-1.713152501,-0.393875477,-0.952955511,-0.066239956,-1.615078963,-0.036000249,-1.705810634,-0.20519577,-0.122013044,-0.451355393,2,Done,BTBT_a=7.7_b=5.9_theta=26.5_R3=-0.2_R4=-0.5_cx=-1.1_cy=-2.3_cz=11.9.log
11.9,0,-2.4,7.7,5.9,26.5,-0.2,-0.5,,-4.843862642,-1.005509474,-1.005509474,-1.463892979,-0.051945278,-1.463892979,-0.051945278,-0.976537337,-0.148004509,-0.156846125,-1.041126941,2,Done,BTBT_a=7.7_b=5.9_theta=26.5_R3=-0.2_R4=-0.5_cx=0.0_cy=-2.4_cz=11.9.log
11.9,1.1,-2.3,7.7,5.9,26.5,-0.25,-0.5,,-4.893137865,-0.393875477,-1.713152501,-1.615078963,-0.036000249,-0.952955511,-0.066239956,-0.438579289,-0.119208075,-0.213177697,-1.733521475,1,Done,BTBT_a=7.7_b=5.9_theta=26.5_R3=-0.25_R4=-0.5_cx=1.1_cy=-2.3_cz=11.9.log
11.9,-1.1,-2.3,7.7,5.9,26.5,-0.25,-0.5,,-4.893137865,-1.713152501,-0.393875477,-0.952955511,-0.066239956,-1.615078963,-0.036000249,-1.733521475,-0.213177697,-0.119208075,-0.438579289,1,Done,BTBT_a=7.7_b=5.9_theta=26.5_R3=-0.25_R4=-0.5_cx=-1.1_cy=-2.3_cz=11.9.log
11.9,0,-2.4,7.7,5.9,26.5,-0.25,-0.5,,-4.843269644,-1.005509474,-1.005503199,-1.463892979,-0.051945278,-1.463892979,-0.051945278,-1.008590548,-0.152371978,-0.152371978,-1.008590548,1,Done,BTBT_a=7.7_b=5.9_theta=26.5_R3=-0.25_R4=-0.5_cx=0.0_cy=-2.4_cz=11.9.log
11.9,1,-2.4,7.7,5.9,26.5,-0.2,-0.5,,-4.910093184,-0.474021054,-1.693178857,-1.701932622,-0.036238702,-0.861182173,-0.062945528,-0.461753233,-0.115581067,-0.202271573,-1.715737842,2,Done,BTBT_a=7.7_b=5.9_theta=26.5_R3=-0.2_R4=-0.5_cx=1.0_cy=-2.4_cz=11.9.log
11.9,-1.2,-2.4,7.7,5.9,26.5,-0.2,-0.5,,-4.799874191,-1.699497883,-0.500577277,-0.813422387,-0.064319775,-1.640518218,-0.032944275,-1.691202201,-0.196686734,-0.114922181,-0.421423166,2,Done,BTBT_a=7.7_b=5.9_theta=26.5_R3=-0.2_R4=-0.5_cx=-1.2_cy=-2.4_cz=11.9.log
11.9,-0.1,-2.5,7.7,5.9,26.5,-0.2,-0.5,,-4.845858124,-1.24307221,-1.076700483,-1.233402281,-0.051204816,-1.40719745,-0.048512798,-1.050570967,-0.144597129,-0.146084328,-0.974560681,2,Done,BTBT_a=7.7_b=5.9_theta=26.5_R3=-0.2_R4=-0.5_cx=-0.1_cy=-2.5_cz=11.9.log
11.9,1,-2.4,7.7,5.9,26.5,-0.25,-0.5,,-4.891493788,-0.474021054,-1.693178857,-1.701932622,-0.036238702,-0.861182173,-0.062945528,-0.47562748,-0.118335836,-0.194992458,-1.687788547,1,Done,BTBT_a=7.7_b=5.9_theta=26.5_R3=-0.25_R4=-0.5_cx=1.0_cy=-2.4_cz=11.9.log
11.9,-1.2,-2.4,7.7,5.9,26.5,-0.25,-0.5,,-4.805672383,-1.699497883,-0.500577277,-0.813422387,-0.064319775,-1.640518218,-0.032944275,-1.703526497,-0.204367457,-0.112355666,-0.409782855,1,Done,BTBT_a=7.7_b=5.9_theta=26.5_R3=-0.25_R4=-0.5_cx=-1.2_cy=-2.4_cz=11.9.log
11.9,-0.1,-2.5,7.7,5.9,26.5,-0.25,-0.5,,-4.849817711,-1.24307221,-1.076700483,-1.233402281,-0.051204816,-1.40719745,-0.048512798,-1.08468241,-0.148895573,-0.142055714,-0.944138996,1,Done,BTBT_a=7.7_b=5.9_theta=26.5_R3=-0.25_R4=-0.5_cx=-0.1_cy=-2.5_cz=11.9.log
11.9,1,-2.3,7.7,5.9,26.5,-0.2,-0.5,,-4.926602973,-0.357304194,-1.69083197,-1.647489854,-0.037732176,-0.990442959,-0.065499494,-0.458854137,-0.119578306,-0.215719113,-1.737801094,2,Done,BTBT_a=7.7_b=5.9_theta=26.5_R3=-0.2_R4=-0.5_cx=1.0_cy=-2.3_cz=11.9.log
11.9,-1.2,-2.3,7.7,5.9,26.5,-0.2,-0.5,,-4.848380714,-1.721648986,-0.440261016,-0.922188696,-0.066898841,-1.57693263,-0.034280872,-1.719327199,-0.210209575,-0.118712342,-0.419026078,2,Done,BTBT_a=7.7_b=5.9_theta=26.5_R3=-0.2_R4=-0.5_cx=-1.2_cy=-2.3_cz=11.9.log
11.9,-0.1,-2.4,7.7,5.9,26.5,-0.2,-0.5,,-4.841346326,-1.102428393,-0.911301398,-1.396561155,-0.0533258,-1.526537302,-0.05052083,-1.046542353,-0.151637792,-0.152880261,-0.969948482,2,Done,BTBT_a=7.7_b=5.9_theta=26.5_R3=-0.2_R4=-0.5_cx=-0.1_cy=-2.4_cz=11.9.log
11.9,1,-2.3,7.7,5.9,26.5,-0.25,-0.5,,-4.903755334,-0.357304194,-1.69083197,-1.647489854,-0.037732176,-0.990442959,-0.065499494,-0.472640532,-0.122458576,-0.207825037,-1.706180865,1,Done,BTBT_a=7.7_b=5.9_theta=26.5_R3=-0.25_R4=-0.5_cx=1.0_cy=-2.3_cz=11.9.log
11.9,-1.2,-2.3,7.7,5.9,26.5,-0.25,-0.5,,-4.860315954,-1.721648986,-0.440261016,-0.922188696,-0.066898841,-1.57693263,-0.034280872,-1.737104558,-0.218568008,-0.116045424,-0.407492444,1,Done,BTBT_a=7.7_b=5.9_theta=26.5_R3=-0.25_R4=-0.5_cx=-1.2_cy=-2.3_cz=11.9.log
11.9,-0.1,-2.4,7.7,5.9,26.5,-0.25,-0.5,,-4.845487893,-1.102428393,-0.911301398,-1.396561155,-0.0533258,-1.526537302,-0.05052083,-1.080747923,-0.156206064,-0.148606918,-0.939589549,1,Done,BTBT_a=7.7_b=5.9_theta=26.5_R3=-0.25_R4=-0.5_cx=-0.1_cy=-2.4_cz=11.9.log
11.9,-1.2,-2.2,7.7,5.9,26.5,-0.2,-0.5,,-4.844785081,-1.734243112,-0.345469355,-0.989175389,-0.069603409,-1.508791319,-0.035724144,-1.739533021,-0.22464858,-0.122609179,-0.416490937,2,Done,BTBT_a=7.7_b=5.9_theta=26.5_R3=-0.2_R4=-0.5_cx=-1.2_cy=-2.2_cz=11.9.log
11.9,1,-2.2,7.7,5.9,26.5,-0.2,-0.5,,-4.875878203,-0.192375741,-1.673324441,-1.584412549,-0.039326052,-1.06898211,-0.068185237,-0.455672662,-0.123675946,-0.230038891,-1.753187639,2,Done,BTBT_a=7.7_b=5.9_theta=26.5_R3=-0.2_R4=-0.5_cx=1.0_cy=-2.2_cz=11.9.log
11.9,-0.1,-2.3,7.7,5.9,26.5,-0.2,-0.5,,-4.712524798,-0.907812442,-0.684688711,-1.489056129,-0.05556601,-1.586897489,-0.052648089,-1.041001439,-0.159017309,-0.159996225,-0.96417539,2,Done,BTBT_a=7.7_b=5.9_theta=26.5_R3=-0.2_R4=-0.5_cx=-0.1_cy=-2.3_cz=11.9.log
11.9,1,-2.2,7.7,5.9,26.5,-0.25,-0.5,,-4.849202752,-0.192375741,-1.673324441,-1.584412549,-0.039326052,-1.06898211,-0.068185237,-0.469327279,-0.126675444,-0.22148593,-1.718411035,1,Done,BTBT_a=7.7_b=5.9_theta=26.5_R3=-0.25_R4=-0.5_cx=1.0_cy=-2.2_cz=11.9.log
11.9,-1.2,-2.2,7.7,5.9,26.5,-0.25,-0.5,,-4.862060432,-1.734243112,-0.345469355,-0.989175389,-0.069603409,-1.508791319,-0.035724144,-1.761997879,-0.233709824,-0.119823034,-0.405026329,1,Done,BTBT_a=7.7_b=5.9_theta=26.5_R3=-0.25_R4=-0.5_cx=-1.2_cy=-2.2_cz=11.9.log
11.9,-0.1,-2.3,7.7,5.9,26.5,-0.25,-0.5,,-4.716779316,-0.907812442,-0.684688711,-1.489056129,-0.05556601,-1.586897489,-0.052648089,-1.075207009,-0.163893062,-0.155459327,-0.933885482,1,Done,BTBT_a=7.7_b=5.9_theta=26.5_R3=-0.25_R4=-0.5_cx=-0.1_cy=-2.3_cz=11.9.log
11.9,-1.1,-2.4,7.7,5.9,26.5,-0.2,-0.5,,-4.844214048,-1.7021146,-0.482040632,-0.832994425,-0.06367344,-1.67483674,-0.034588351,-1.684682372,-0.19231299,-0.11799698,-0.454097611,2,Done,BTBT_a=7.7_b=5.9_theta=26.5_R3=-0.2_R4=-0.5_cx=-1.1_cy=-2.4_cz=11.9.log
11.9,1.1,-2.4,7.7,5.9,26.5,-0.2,-0.5,,-4.870622806,-0.482040632,-1.7021146,-1.67483674,-0.034588351,-0.832988149,-0.06367344,-0.428639531,-0.112681971,-0.207291653,-1.726888695,2,Done,BTBT_a=7.7_b=5.9_theta=26.5_R3=-0.2_R4=-0.5_cx=1.1_cy=-2.4_cz=11.9.log
11.9,0,-2.5,7.7,5.9,26.5,-0.2,-0.5,,-4.849497682,-1.160153038,-1.160153038,-1.321975317,-0.049874495,-1.321975317,-0.049874495,-0.980942457,-0.141346627,-0.149661135,-1.045544612,2,Done,BTBT_a=7.7_b=5.9_theta=26.5_R3=-0.2_R4=-0.5_cx=0.0_cy=-2.5_cz=11.9.log
11.9,1.1,-2.4,7.7,5.9,26.5,-0.25,-0.5,,-4.859490779,-0.482040632,-1.7021146,-1.67483674,-0.034588351,-0.832988149,-0.06367344,-0.441214831,-0.115317513,-0.199673682,-1.708163796,1,Done,BTBT_a=7.7_b=5.9_theta=26.5_R3=-0.25_R4=-0.5_cx=1.1_cy=-2.4_cz=11.9.log
11.9,-1.1,-2.4,7.7,5.9,26.5,-0.25,-0.5,,-4.859493916,-1.7021146,-0.482040632,-0.832994425,-0.06367344,-1.67483674,-0.034588351,-1.708163796,-0.199673682,-0.115317513,-0.441214831,1,Done,BTBT_a=7.7_b=5.9_theta=26.5_R3=-0.25_R4=-0.5_cx=-1.1_cy=-2.4_cz=11.9.log
11.9,0,-2.5,7.7,5.9,26.5,-0.25,-0.5,,-4.848920372,-1.160153038,-1.160153038,-1.321975317,-0.049874495,-1.321975317,-0.049874495,-1.013014493,-0.145444268,-0.145444268,-1.013014493,1,Done,BTBT_a=7.7_b=5.9_theta=26.5_R3=-0.25_R4=-0.5_cx=0.0_cy=-2.5_cz=11.9.log
11.9,-1.1,-2.2,7.7,5.9,26.5,-0.2,-0.5,,-4.842805287,-1.712048083,-0.264457815,-1.026462033,-0.068938249,-1.548895483,-0.037525098,-1.720218263,-0.218913138,-0.126123235,-0.44838727,2,Done,BTBT_a=7.7_b=5.9_theta=26.5_R3=-0.2_R4=-0.5_cx=-1.1_cy=-2.2_cz=11.9.log
11.9,1.1,-2.2,7.7,5.9,26.5,-0.2,-0.5,,-4.888651168,-0.264457815,-1.712048083,-1.548895483,-0.037525098,-1.026462033,-0.068938249,-0.423349622,-0.120343868,-0.23654617,-1.779248129,2,Done,BTBT_a=7.7_b=5.9_theta=26.5_R3=-0.2_R4=-0.5_cx=1.1_cy=-2.2_cz=11.9.log
11.9,0,-2.3,7.7,5.9,26.5,-0.2,-0.5,,-4.71325271,-0.792827509,-0.792827509,-1.540725303,-0.054135288,-1.540725303,-0.054135288,-0.970870922,-0.15498242,-0.164376245,-1.035335024,2,Done,BTBT_a=7.7_b=5.9_theta=26.5_R3=-0.2_R4=-0.5_cx=0.0_cy=-2.3_cz=11.9.log
11.9,1.1,-2.2,7.7,5.9,26.5,-0.25,-0.5,,-4.867221701,-0.264457815,-1.712048083,-1.548895483,-0.037525098,-1.026462033,-0.068938249,-0.435711569,-0.123211588,-0.227572776,-1.751562388,1,Done,BTBT_a=7.7_b=5.9_theta=26.5_R3=-0.25_R4=-0.5_cx=1.1_cy=-2.2_cz=11.9.log
11.9,-1.1,-2.2,7.7,5.9,26.5,-0.25,-0.5,,-4.867221701,-1.712048083,-0.264457815,-1.026462033,-0.068938249,-1.548895483,-0.037525098,-1.751562388,-0.227572776,-0.123211588,-0.435711569,1,Done,BTBT_a=7.7_b=5.9_theta=26.5_R3=-0.25_R4=-0.5_cx=-1.1_cy=-2.2_cz=11.9.log
11.9,0,-2.3,7.7,5.9,26.5,-0.25,-0.5,,-4.712650301,-0.792827509,-0.792827509,-1.540725303,-0.054135288,-1.540725303,-0.054135288,-1.002861382,-0.159619719,-0.159619719,-1.002861382,1,Done,BTBT_a=7.7_b=5.9_theta=26.5_R3=-0.25_R4=-0.5_cx=0.0_cy=-2.3_cz=11.9.log
11.9,-1,-2.4,7.7,5.9,26.5,-0.2,-0.5,,-4.870127072,-1.693178857,-0.474021054,-0.861182173,-0.062945528,-1.701932622,-0.036238702,-1.656494623,-0.187951795,-0.121147081,-0.489784105,2,Done,BTBT_a=7.7_b=5.9_theta=26.5_R3=-0.2_R4=-0.5_cx=-1.0_cy=-2.4_cz=11.9.log
11.9,1.2,-2.4,7.7,5.9,26.5,-0.2,-0.5,,-4.805440205,-0.500577277,-1.699497883,-1.640518218,-0.032944275,-0.813422387,-0.064319775,-0.398399824,-0.10983935,-0.212330559,-1.709230563,2,Done,BTBT_a=7.7_b=5.9_theta=26.5_R3=-0.2_R4=-0.5_cx=1.2_cy=-2.4_cz=11.9.log
11.9,0.1,-2.5,7.7,5.9,26.5,-0.2,-0.5,,-4.854840929,-1.076700483,-1.24307221,-1.40719745,-0.048512798,-1.233396006,-0.051204816,-0.914162843,-0.138133776,-0.153300693,-1.119201736,2,Done,BTBT_a=7.7_b=5.9_theta=26.5_R3=-0.2_R4=-0.5_cx=0.1_cy=-2.5_cz=11.9.log
11.9,1.2,-2.4,7.7,5.9,26.5,-0.25,-0.5,,-4.805672383,-0.500577277,-1.699497883,-1.640518218,-0.032944275,-0.813422387,-0.064319775,-0.409782855,-0.112355666,-0.204367457,-1.703526497,1,Done,BTBT_a=7.7_b=5.9_theta=26.5_R3=-0.25_R4=-0.5_cx=1.2_cy=-2.4_cz=11.9.log
11.9,-1,-2.3,7.7,5.9,26.5,-0.2,-0.5,,-4.878632971,-1.69083197,-0.357304194,-0.990449234,-0.065499494,-1.647489854,-0.037732176,-1.67167409,-0.20018824,-0.125389048,-0.486728132,2,Done,BTBT_a=7.7_b=5.9_theta=26.5_R3=-0.2_R4=-0.5_cx=-1.0_cy=-2.3_cz=11.9.log
11.9,1.2,-2.3,7.7,5.9,26.5,-0.2,-0.5,,-4.86700521,-0.440261016,-1.721648986,-1.57693263,-0.034280872,-0.922188696,-0.066898841,-0.396234914,-0.113428707,-0.227215096,-1.749020972,2,Done,BTBT_a=7.7_b=5.9_theta=26.5_R3=-0.2_R4=-0.5_cx=1.2_cy=-2.3_cz=11.9.log
11.9,0.1,-2.4,7.7,5.9,26.5,-0.2,-0.5,,-4.850733876,-0.911301398,-1.102428393,-1.526537302,-0.05052083,-1.396561155,-0.0533258,-0.909669872,-0.144440252,-0.160906114,-1.1153802,2,Done,BTBT_a=7.7_b=5.9_theta=26.5_R3=-0.2_R4=-0.5_cx=0.1_cy=-2.4_cz=11.9.log
11.9,-1,-2.4,7.7,5.9,26.5,-0.25,-0.5,,-4.891493788,-1.693178857,-0.474021054,-0.861182173,-0.062945528,-1.701932622,-0.036238702,-1.687788547,-0.194992458,-0.118335836,-0.47562748,1,Done,BTBT_a=7.7_b=5.9_theta=26.5_R3=-0.25_R4=-0.5_cx=-1.0_cy=-2.4_cz=11.9.log
11.9,0.1,-2.5,7.7,5.9,26.5,-0.25,-0.5,,-4.849814574,-1.076700483,-1.24307221,-1.40719745,-0.048512798,-1.233396006,-0.051204816,-0.944138996,-0.142055714,-0.148895573,-1.08468241,1,Done,BTBT_a=7.7_b=5.9_theta=26.5_R3=-0.25_R4=-0.5_cx=0.1_cy=-2.5_cz=11.9.log
11.9,1.2,-2.3,7.7,5.9,26.5,-0.25,-0.5,,-4.860315954,-0.440261016,-1.721648986,-1.57693263,-0.034280872,-0.922188696,-0.066898841,-0.407492444,-0.116045424,-0.218568008,-1.737104558,1,Done,BTBT_a=7.7_b=5.9_theta=26.5_R3=-0.25_R4=-0.5_cx=1.2_cy=-2.3_cz=11.9.log
11.9,-1,-2.2,7.7,5.9,26.5,-0.2,-0.5,,-4.820701248,-1.673324441,-0.192375741,-1.06898211,-0.068185237,-1.584412549,-0.039326052,-1.681130666,-0.213221623,-0.129737693,-0.483308202,2,Done,BTBT_a=7.7_b=5.9_theta=26.5_R3=-0.2_R4=-0.5_cx=-1.0_cy=-2.2_cz=11.9.log
11.9,1.2,-2.2,7.7,5.9,26.5,-0.2,-0.5,,-4.874802022,-0.345469355,-1.734243112,-1.508791319,-0.035724144,-0.989169114,-0.069603409,-0.393825276,-0.117093366,-0.243109924,-1.779273229,2,Done,BTBT_a=7.7_b=5.9_theta=26.5_R3=-0.2_R4=-0.5_cx=1.2_cy=-2.2_cz=11.9.log
11.9,0.1,-2.3,7.7,5.9,26.5,-0.2,-0.5,,-4.722210416,-0.684688711,-0.907812442,-1.586903764,-0.052648089,-1.489056129,-0.05556601,-0.904047382,-0.151041657,-0.168906867,-1.109876937,2,Done,BTBT_a=7.7_b=5.9_theta=26.5_R3=-0.2_R4=-0.5_cx=0.1_cy=-2.3_cz=11.9.log
11.9,-1,-2.3,7.7,5.9,26.5,-0.25,-0.5,,-4.903758471,-1.69083197,-0.357304194,-0.990449234,-0.065499494,-1.647489854,-0.037732176,-1.706180865,-0.207825037,-0.122458576,-0.472640532,1,Done,BTBT_a=7.7_b=5.9_theta=26.5_R3=-0.25_R4=-0.5_cx=-1.0_cy=-2.3_cz=11.9.log
11.9,0.1,-2.4,7.7,5.9,26.5,-0.25,-0.5,,-4.845487893,-0.911301398,-1.102428393,-1.526537302,-0.05052083,-1.396561155,-0.0533258,-0.939589549,-0.148606918,-0.156206064,-1.080747923,1,Done,BTBT_a=7.7_b=5.9_theta=26.5_R3=-0.25_R4=-0.5_cx=0.1_cy=-2.4_cz=11.9.log
11.9,1.2,-2.2,7.7,5.9,26.5,-0.25,-0.5,,-4.862057294,-0.345469355,-1.734243112,-1.508791319,-0.035724144,-0.989169114,-0.069603409,-0.405026329,-0.119823034,-0.233709824,-1.761997879,1,Done,BTBT_a=7.7_b=5.9_theta=26.5_R3=-0.25_R4=-0.5_cx=1.2_cy=-2.2_cz=11.9.log
11.9,-0.9,-2.4,7.7,5.9,26.5,-0.2,-0.5,,-4.882313317,-1.672000395,-0.477152329,-0.897797382,-0.062154865,-1.720883424,-0.037889054,-1.611771985,-0.183647076,-0.124353657,-0.528601874,2,Done,BTBT_a=7.7_b=5.9_theta=26.5_R3=-0.2_R4=-0.5_cx=-0.9_cy=-2.4_cz=11.9.log
11.9,0.9,-2.4,7.7,5.9,26.5,-0.2,-0.5,,-4.929982114,-0.477152329,-1.672000395,-1.720883424,-0.037889054,-0.897791107,-0.062154865,-0.497797408,-0.118536639,-0.197301694,-1.682410786,2,Done,BTBT_a=7.7_b=5.9_theta=26.5_R3=-0.2_R4=-0.5_cx=0.9_cy=-2.4_cz=11.9.log
11.9,0,-2.6,7.7,5.9,26.5,-0.2,-0.5,,-4.717764508,-1.266628935,-1.266628935,-1.092877691,-0.047922939,-1.092877691,-0.047922939,-0.984042357,-0.134971126,-0.142796176,-1.048525285,2,Done,BTBT_a=7.7_b=5.9_theta=26.5_R3=-0.2_R4=-0.5_cx=0.0_cy=-2.6_cz=11.9.log
11.9,-1,-2.2,7.7,5.9,26.5,-0.25,-0.5,,-4.849202752,-1.673324441,-0.192375741,-1.06898211,-0.068185237,-1.584412549,-0.039326052,-1.718411035,-0.22148593,-0.126675444,-0.469327279,1,Done,BTBT_a=7.7_b=5.9_theta=26.5_R3=-0.25_R4=-0.5_cx=-1.0_cy=-2.2_cz=11.9.log
11.9,0.1,-2.3,7.7,5.9,26.5,-0.25,-0.5,,-4.716782453,-0.684688711,-0.907812442,-1.586903764,-0.052648089,-1.489056129,-0.05556601,-0.933885482,-0.155459327,-0.163893062,-1.075207009,1,Done,BTBT_a=7.7_b=5.9_theta=26.5_R3=-0.25_R4=-0.5_cx=0.1_cy=-2.3_cz=11.9.log
11.9,-0.9,-2.3,7.7,5.9,26.5,-0.2,-0.5,,-4.870261988,-1.653959483,-0.332366947,-1.034073729,-0.064683731,-1.673362092,-0.039457829,-1.621969023,-0.195249736,-0.128834078,-0.525257245,2,Done,BTBT_a=7.7_b=5.9_theta=26.5_R3=-0.2_R4=-0.5_cx=-0.9_cy=-2.3_cz=11.9.log
11.9,0.9,-2.3,7.7,5.9,26.5,-0.2,-0.5,,-4.924177647,-0.332366947,-1.653959483,-1.673362092,-0.039457829,-1.034073729,-0.064683731,-0.494628482,-0.122753506,-0.210046422,-1.697797331,2,Done,BTBT_a=7.7_b=5.9_theta=26.5_R3=-0.2_R4=-0.5_cx=0.9_cy=-2.3_cz=11.9.log
11.9,0.9,-2.4,7.7,5.9,26.5,-0.25,-0.5,,-4.906952497,-0.477152329,-1.672000395,-1.720883424,-0.037889054,-0.897791107,-0.062154865,-0.513027076,-0.12141691,-0.190361434,-1.648211491,1,Done,BTBT_a=7.7_b=5.9_theta=26.5_R3=-0.25_R4=-0.5_cx=0.9_cy=-2.4_cz=11.9.log
11.9,0.1,-2.6,7.7,5.9,26.5,-0.2,-0.5,,-4.722254342,-1.191497163,-1.338692183,-1.209086268,-0.046611443,-0.975269767,-0.049203059,-0.917520022,-0.132103405,-0.146059228,-1.121391746,2,Done,BTBT_a=7.7_b=5.9_theta=26.5_R3=-0.2_R4=-0.5_cx=0.1_cy=-2.6_cz=11.9.log
11.9,-0.9,-2.4,7.7,5.9,26.5,-0.25,-0.5,,-4.906955634,-1.672000395,-0.477152329,-0.897797382,-0.062154865,-1.720883424,-0.037889054,-1.648211491,-0.190361434,-0.12141691,-0.513027076,1,Done,BTBT_a=7.7_b=5.9_theta=26.5_R3=-0.25_R4=-0.5_cx=-0.9_cy=-2.4_cz=11.9.log
11.9,-0.2,-2.6,7.7,5.9,26.5,-0.25,-0.5,,-4.718115913,-1.406262461,-1.11474014,-0.860052656,-0.050426704,-1.320331241,-0.045262296,-1.159795357,-0.145048936,-0.132806216,-0.881927654,1,Done,BTBT_a=7.7_b=5.9_theta=26.5_R3=-0.25_R4=-0.5_cx=-0.2_cy=-2.6_cz=11.9.log
11.9,-0.9,-2.2,7.7,5.9,26.5,-0.2,-0.5,,-4.784192716,-1.617156021,-0.132580313,-1.115970059,-0.067350648,-1.614614605,-0.041133281,-1.627271482,-0.207592858,-0.133458827,-0.521467085,2,Done,BTBT_a=7.7_b=5.9_theta=26.5_R3=-0.2_R4=-0.5_cx=-0.9_cy=-2.2_cz=11.9.log
11.9,0.9,-2.2,7.7,5.9,26.5,-0.2,-0.5,,-4.843680663,-0.132580313,-1.617156021,-1.614614605,-0.041133281,-1.115970059,-0.067350648,-0.491026575,-0.1270896,-0.223619464,-1.707542561,2,Done,BTBT_a=7.7_b=5.9_theta=26.5_R3=-0.2_R4=-0.5_cx=0.9_cy=-2.2_cz=11.9.log
11.9,0.2,-2.6,7.7,5.9,26.5,-0.2,-0.5,,-4.726932429,-1.11474014,-1.406262461,-1.320331241,-0.045262296,-0.860052656,-0.050426704,-0.853903058,-0.12926706,-0.14937248,-1.195852082,2,Done,BTBT_a=7.7_b=5.9_theta=26.5_R3=-0.2_R4=-0.5_cx=0.2_cy=-2.6_cz=11.9.log
11.9,0.9,-2.3,7.7,5.9,26.5,-0.25,-0.5,,-4.897859878,-0.332366947,-1.653959483,-1.673362092,-0.039457829,-1.034073729,-0.064683731,-0.509770299,-0.125765554,-0.202522577,-1.660849542,1,Done,BTBT_a=7.7_b=5.9_theta=26.5_R3=-0.25_R4=-0.5_cx=0.9_cy=-2.3_cz=11.9.log
11.9,-0.9,-2.3,7.7,5.9,26.5,-0.25,-0.5,,-4.897853603,-1.653959483,-0.332366947,-1.034073729,-0.064683731,-1.673362092,-0.039457829,-1.660843267,-0.202522577,-0.125765554,-0.509770299,1,Done,BTBT_a=7.7_b=5.9_theta=26.5_R3=-0.25_R4=-0.5_cx=-0.9_cy=-2.3_cz=11.9.log
11.9,-0.2,-2.5,7.7,5.9,26.5,-0.25,-0.5,,-4.852142637,-1.323437416,-0.994641001,-1.144051132,-0.052472386,-1.486627666,-0.047094625,-1.158414836,-0.152403354,-0.138742461,-0.878419874,1,Done,BTBT_a=7.7_b=5.9_theta=26.5_R3=-0.25_R4=-0.5_cx=-0.2_cy=-2.5_cz=11.9.log
11.9,-1,-2.5,7.7,5.9,26.5,-0.2,-0.5,,-4.789752455,-1.682084481,-0.552202525,-0.662776062,-0.060517065,-1.744358573,-0.03483308,-1.635491863,-0.176506013,-0.117005515,-0.492363171,2,Done,BTBT_a=7.7_b=5.9_theta=26.5_R3=-0.2_R4=-0.5_cx=-1.0_cy=-2.5_cz=11.9.log
11.9,0.8,-2.5,7.7,5.9,26.5,-0.2,-0.5,,-4.874867911,-0.612750965,-1.653877906,-1.750621123,-0.037989456,-0.723111148,-0.058898089,-0.540066482,-0.117231418,-0.181118211,-1.617827457,2,Done,BTBT_a=7.7_b=5.9_theta=26.5_R3=-0.2_R4=-0.5_cx=0.8_cy=-2.5_cz=11.9.log
11.9,0.2,-2.5,7.7,5.9,26.5,-0.2,-0.5,,-4.861348209,-0.994641001,-1.323437416,-1.486627666,-0.047094625,-1.144051132,-0.052472386,-0.850439203,-0.134983676,-0.157021827,-1.194741389,2,Done,BTBT_a=7.7_b=5.9_theta=26.5_R3=-0.2_R4=-0.5_cx=0.2_cy=-2.5_cz=11.9.log
11.9,0.9,-2.2,7.7,5.9,26.5,-0.25,-0.5,,-4.814413598,-0.132580313,-1.617156021,-1.614614605,-0.041133281,-1.115970059,-0.067350648,-0.506086815,-0.130239701,-0.215468109,-1.66821651,1,Done,BTBT_a=7.7_b=5.9_theta=26.5_R3=-0.25_R4=-0.5_cx=0.9_cy=-2.2_cz=11.9.log
11.9,-0.9,-2.5,7.7,5.9,26.5,-0.2,-0.5,,-4.814573612,-1.673412292,-0.577378226,-0.687136,-0.059745227,-1.753068412,-0.036414405,-1.59668037,-0.172772328,-0.119998737,-0.531544896,2,Done,BTBT_a=7.7_b=5.9_theta=26.5_R3=-0.2_R4=-0.5_cx=-0.9_cy=-2.5_cz=11.9.log
11.9,-0.9,-2.2,7.7,5.9,26.5,-0.25,-0.5,,-4.814413598,-1.617156021,-0.132580313,-1.115970059,-0.067350648,-1.614614605,-0.041133281,-1.66821651,-0.215468109,-0.130239701,-0.506086815,1,Done,BTBT_a=7.7_b=5.9_theta=26.5_R3=-0.25_R4=-0.5_cx=-0.9_cy=-2.2_cz=11.9.log
11.9,0.8,-2.4,7.7,5.9,26.5,-0.2,-0.5,,-4.935497926,-0.491867438,-1.638114855,-1.730879658,-0.039539405,-0.942381968,-0.061282627,-0.537010508,-0.121554962,-0.192413391,-1.63248609,2,Done,BTBT_a=7.7_b=5.9_theta=26.5_R3=-0.2_R4=-0.5_cx=0.8_cy=-2.4_cz=11.9.log
11.9,0.2,-2.4,7.7,5.9,26.5,-0.2,-0.5,,-4.861128579,-0.822414606,-1.199309662,-1.582881425,-0.049058732,-1.326330236,-0.054649846,-0.845933681,-0.140963846,-0.165079056,-1.191829743,2,Done,BTBT_a=7.7_b=5.9_theta=26.5_R3=-0.2_R4=-0.5_cx=0.2_cy=-2.4_cz=11.9.log
11.9,-0.8,-2.5,7.7,5.9,26.5,-0.2,-0.5,,-4.829643266,-1.653877906,-0.612750965,-0.723111148,-0.058898089,-1.750621123,-0.037989456,-1.544666066,-0.169076294,-0.123035886,-0.574240676,2,Done,BTBT_a=7.7_b=5.9_theta=26.5_R3=-0.2_R4=-0.5_cx=-0.8_cy=-2.5_cz=11.9.log
11.9,-0.2,-2.4,7.7,5.9,26.5,-0.25,-0.5,,-4.851527677,-1.199309662,-0.822414606,-1.326336511,-0.054649846,-1.58287515,-0.049058732,-1.155289836,-0.160140552,-0.144929709,-0.873845326,1,Done,BTBT_a=7.7_b=5.9_theta=26.5_R3=-0.25_R4=-0.5_cx=-0.2_cy=-2.4_cz=11.9.log
11.9,-1,-2.5,7.7,5.9,26.5,-0.25,-0.5,,-4.806877202,-1.682084481,-0.552202525,-0.662776062,-0.060517065,-1.744358573,-0.03483308,-1.663070928,-0.182969366,-0.114332322,-0.478118695,1,Done,BTBT_a=7.7_b=5.9_theta=26.5_R3=-0.25_R4=-0.5_cx=-1.0_cy=-2.5_cz=11.9.log
11.9,0.8,-2.5,7.7,5.9,26.5,-0.25,-0.5,,-4.852785834,-0.612750965,-1.653877906,-1.750621123,-0.037989456,-0.723111148,-0.058898089,-0.556971601,-0.120105414,-0.174999989,-1.582084487,1,Done,BTBT_a=7.7_b=5.9_theta=26.5_R3=-0.25_R4=-0.5_cx=0.8_cy=-2.5_cz=11.9.log
11.9,0.8,-2.3,7.7,5.9,26.5,-0.2,-0.5,,-4.907818461,-0.320751736,-1.602083231,-1.691917562,-0.041189756,-1.08311991,-0.063798942,-0.533534102,-0.126004008,-0.204461583,-1.642388198,2,Done,BTBT_a=7.7_b=5.9_theta=26.5_R3=-0.2_R4=-0.5_cx=0.8_cy=-2.3_cz=11.9.log
11.9,0.3,-2.6,7.7,5.9,26.5,-0.2,-0.5,,-4.731422262,-1.037738387,-1.467984344,-1.423431134,-0.043862949,-0.750953767,-0.051600148,-0.793323242,-0.12646209,-0.152735934,-1.271115631,2,Done,BTBT_a=7.7_b=5.9_theta=26.5_R3=-0.2_R4=-0.5_cx=0.3_cy=-2.6_cz=11.9.log
11.9,-0.8,-2.4,7.7,5.9,26.5,-0.2,-0.5,,-4.88487042,-1.638114855,-0.491867438,-0.942381968,-0.061282627,-1.730879658,-0.039539405,-1.554881929,-0.179398834,-0.127635534,-0.570921148,2,Done,BTBT_a=7.7_b=5.9_theta=26.5_R3=-0.2_R4=-0.5_cx=-0.8_cy=-2.4_cz=11.9.log
11.9,-0.9,-2.5,7.7,5.9,26.5,-0.25,-0.5,,-4.835908953,-1.673412292,-0.577378226,-0.687136,-0.059745227,-1.753068412,-0.036414405,-1.630321181,-0.178972127,-0.117187493,-0.515850871,1,Done,BTBT_a=7.7_b=5.9_theta=26.5_R3=-0.25_R4=-0.5_cx=-0.9_cy=-2.5_cz=11.9.log
11.9,-0.1,-2.6,7.7,5.9,26.5,-0.25,-0.5,,-4.717475853,-1.338692183,-1.191497163,-0.975269767,-0.049196784,-1.209086268,-0.046611443,-1.087048123,-0.141923937,-0.135799439,-0.94752755,1,Done,BTBT_a=7.7_b=5.9_theta=26.5_R3=-0.25_R4=-0.5_cx=-0.1_cy=-2.6_cz=11.9.log
11.9,0.8,-2.4,7.7,5.9,26.5,-0.25,-0.5,,-4.91057323,-0.491867438,-1.638114855,-1.730879658,-0.039539405,-0.942381968,-0.061282627,-0.55378385,-0.124560735,-0.185805711,-1.594389958,1,Done,BTBT_a=7.7_b=5.9_theta=26.5_R3=-0.25_R4=-0.5_cx=0.8_cy=-2.4_cz=11.9.log
11.9,0.9,-2.5,7.7,5.9,26.5,-0.2,-0.5,,-4.855239398,-0.577384501,-1.673412292,-1.753068412,-0.036414405,-0.687136,-0.059745227,-0.500514526,-0.114438999,-0.185360179,-1.661345275,2,Done,BTBT_a=7.7_b=5.9_theta=26.5_R3=-0.2_R4=-0.5_cx=0.9_cy=-2.5_cz=11.9.log
11.9,0.3,-2.5,7.7,5.9,26.5,-0.2,-0.5,,-4.868511235,-0.915681417,-1.399253173,-1.558151256,-0.045651352,-1.056576238,-0.053702306,-0.789834287,-0.131896327,-0.160824538,-1.271448212,2,Done,BTBT_a=7.7_b=5.9_theta=26.5_R3=-0.2_R4=-0.5_cx=0.3_cy=-2.5_cz=11.9.log
11.9,-0.8,-2.3,7.7,5.9,26.5,-0.2,-0.5,,-4.852352851,-1.602083231,-0.320751736,-1.08311991,-0.063798942,-1.691917562,-0.041189756,-1.560943675,-0.190386534,-0.132385785,-0.567206289,2,Done,BTBT_a=7.7_b=5.9_theta=26.5_R3=-0.2_R4=-0.5_cx=-0.8_cy=-2.3_cz=11.9.log
11.9,-0.8,-2.5,7.7,5.9,26.5,-0.25,-0.5,,-4.852785834,-1.653877906,-0.612750965,-0.723111148,-0.058898089,-1.750621123,-0.037989456,-1.582084487,-0.174999989,-0.120105414,-0.556971601,1,Done,BTBT_a=7.7_b=5.9_theta=26.5_R3=-0.25_R4=-0.5_cx=-0.8_cy=-2.5_cz=11.9.log
11.9,0,-2.6,7.7,5.9,26.5,-0.25,-0.5,,-4.717243674,-1.266628935,-1.266628935,-1.092877691,-0.047922939,-1.092877691,-0.047922939,-1.016070467,-0.138836587,-0.138836587,-1.016070467,1,Done,BTBT_a=7.7_b=5.9_theta=26.5_R3=-0.25_R4=-0.5_cx=0.0_cy=-2.6_cz=11.9.log
11.9,0.8,-2.3,7.7,5.9,26.5,-0.25,-0.5,,-4.880333522,-0.320751736,-1.602083231,-1.691917562,-0.041189756,-1.08311991,-0.063798942,-0.550181943,-0.129160383,-0.197301694,-1.602258934,1,Done,BTBT_a=7.7_b=5.9_theta=26.5_R3=-0.25_R4=-0.5_cx=0.8_cy=-2.3_cz=11.9.log
11.9,1,-2.5,7.7,5.9,26.5,-0.2,-0.5,,-4.820729486,-0.552202525,-1.682084481,-1.744358573,-0.03483308,-0.662769787,-0.060517065,-0.464162872,-0.111690505,-0.189671173,-1.686822181,2,Done,BTBT_a=7.7_b=5.9_theta=26.5_R3=-0.2_R4=-0.5_cx=1.0_cy=-2.5_cz=11.9.log
11.9,0.3,-2.4,7.7,5.9,26.5,-0.2,-0.5,,-4.874265501,-0.741014009,-1.293291835,-1.631532275,-0.047540158,-1.255070201,-0.055911141,-0.785435442,-0.137550192,-0.169390049,-1.269710009,2,Done,BTBT_a=7.7_b=5.9_theta=26.5_R3=-0.2_R4=-0.5_cx=0.3_cy=-2.4_cz=11.9.log
11.9,-0.7,-2.5,7.7,5.9,26.5,-0.2,-0.5,,-4.837938947,-1.623267968,-0.657649305,-0.770525804,-0.057988199,-1.736263694,-0.03955823,-1.483289313,-0.165417911,-0.12614206,-0.620463063,2,Done,BTBT_a=7.7_b=5.9_theta=26.5_R3=-0.2_R4=-0.5_cx=-0.7_cy=-2.5_cz=11.9.log
11.9,-0.8,-2.4,7.7,5.9,26.5,-0.25,-0.5,,-4.91057323,-1.638114855,-0.491867438,-0.942381968,-0.061282627,-1.730879658,-0.039539405,-1.594389958,-0.185805711,-0.124560735,-0.55378385,1,Done,BTBT_a=7.7_b=5.9_theta=26.5_R3=-0.25_R4=-0.5_cx=-0.8_cy=-2.4_cz=11.9.log
11.9,-0.3,-2.6,7.7,5.9,26.5,-0.25,-0.5,,-4.7188752,-1.467984344,-1.037732112,-0.750960042,-0.051600148,-1.423424859,-0.043862949,-1.233634459,-0.148224137,-0.129856919,-0.819377458,1,Done,BTBT_a=7.7_b=5.9_theta=26.5_R3=-0.25_R4=-0.5_cx=-0.3_cy=-2.6_cz=11.9.log
11.9,0.9,-2.5,7.7,5.9,26.5,-0.25,-0.5,,-4.83591209,-0.577384501,-1.673412292,-1.753068412,-0.036414405,-0.687136,-0.059745227,-0.515850871,-0.117187493,-0.178972127,-1.630321181,1,Done,BTBT_a=7.7_b=5.9_theta=26.5_R3=-0.25_R4=-0.5_cx=0.9_cy=-2.5_cz=11.9.log
11.9,0.7,-2.5,7.7,5.9,26.5,-0.2,-0.5,,-4.883856991,-0.657649305,-1.623267968,-1.736263694,-0.03955823,-0.770519529,-0.057988199,-0.583050917,-0.120067763,-0.176920169,-1.561194679,2,Done,BTBT_a=7.7_b=5.9_theta=26.5_R3=-0.2_R4=-0.5_cx=0.7_cy=-2.5_cz=11.9.log
11.9,0.2,-2.3,7.7,5.9,26.5,-0.2,-0.5,,-4.738400173,-0.586841077,-1.025859623,-1.626524745,-0.05112324,-1.433119888,-0.056933982,-0.840399043,-0.147188746,-0.173588091,-1.187023016,2,Done,BTBT_a=7.7_b=5.9_theta=26.5_R3=-0.2_R4=-0.5_cx=0.2_cy=-2.3_cz=11.9.log
11.9,-0.7,-2.4,7.7,5.9,26.5,-0.2,-0.5,,-4.881111635,-1.591465762,-0.518436212,-0.994339796,-0.060341362,-1.731199689,-0.041189756,-1.489558138,-0.175207067,-0.130998988,-0.616861155,2,Done,BTBT_a=7.7_b=5.9_theta=26.5_R3=-0.2_R4=-0.5_cx=-0.7_cy=-2.4_cz=11.9.log
11.9,-0.8,-2.3,7.7,5.9,26.5,-0.25,-0.5,,-4.880327247,-1.602083231,-0.320751736,-1.08311991,-0.063798942,-1.691917562,-0.041189756,-1.602252659,-0.197301694,-0.129160383,-0.550181943,1,Done,BTBT_a=7.7_b=5.9_theta=26.5_R3=-0.25_R4=-0.5_cx=-0.8_cy=-2.3_cz=11.9.log
11.9,0.7,-2.4,7.7,5.9,26.5,-0.2,-0.5,,-4.931095944,-0.518436212,-1.591465762,-1.731199689,-0.041189756,-0.994346071,-0.060341362,-0.579662362,-0.124623486,-0.18762549,-1.57069518,2,Done,BTBT_a=7.7_b=5.9_theta=26.5_R3=-0.2_R4=-0.5_cx=0.7_cy=-2.4_cz=11.9.log
11.9,0.3,-2.3,7.7,5.9,26.5,-0.2,-0.5,,-4.760777181,-0.502064476,-1.143065941,-1.658690908,-0.049541915,-1.374253175,-0.058245478,-0.780126707,-0.143442511,-0.178432469,-1.265844548,2,Done,BTBT_a=7.7_b=5.9_theta=26.5_R3=-0.2_R4=-0.5_cx=0.3_cy=-2.3_cz=11.9.log
11.9,-0.3,-2.5,7.7,5.9,26.5,-0.25,-0.5,,-4.855330387,-1.399253173,-0.915681417,-1.056582513,-0.053702306,-1.558151256,-0.045651352,-1.233534058,-0.155980161,-0.135479409,-0.815825751,1,Done,BTBT_a=7.7_b=5.9_theta=26.5_R3=-0.25_R4=-0.5_cx=-0.3_cy=-2.5_cz=11.9.log
11.9,1,-2.5,7.7,5.9,26.5,-0.25,-0.5,,-4.806874065,-0.552202525,-1.682084481,-1.744358573,-0.03483308,-0.662769787,-0.060517065,-0.478118695,-0.114332322,-0.182969366,-1.663070928,1,Done,BTBT_a=7.7_b=5.9_theta=26.5_R3=-0.25_R4=-0.5_cx=1.0_cy=-2.5_cz=11.9.log
11.9,-0.7,-2.3,7.7,5.9,26.5,-0.2,-0.5,,-4.828686312,-1.535272241,-0.323995963,-1.136690439,-0.062826301,-1.702497381,-0.042902859,-1.492300356,-0.185604908,-0.136012793,-0.612675664,2,Done,BTBT_a=7.7_b=5.9_theta=26.5_R3=-0.2_R4=-0.5_cx=-0.7_cy=-2.3_cz=11.9.log
11.9,-0.7,-2.5,7.7,5.9,26.5,-0.25,-0.5,,-4.861087791,-1.623267968,-0.657649305,-0.770525804,-0.057988199,-1.736263694,-0.03955823,-1.522740866,-0.171084326,-0.123067261,-0.601568736,1,Done,BTBT_a=7.7_b=5.9_theta=26.5_R3=-0.25_R4=-0.5_cx=-0.7_cy=-2.5_cz=11.9.log
11.9,0.7,-2.3,7.7,5.9,26.5,-0.2,-0.5,,-4.882376068,-0.323995963,-1.535272241,-1.702497381,-0.042902859,-1.136690439,-0.062826301,-0.57575925,-0.129329811,-0.199002246,-1.576192168,2,Done,BTBT_a=7.7_b=5.9_theta=26.5_R3=-0.2_R4=-0.5_cx=0.7_cy=-2.3_cz=11.9.log
11.9,0.4,-2.5,7.7,5.9,26.5,-0.2,-0.5,,-4.875699362,-0.841334033,-1.468630679,-1.619967266,-0.044170429,-0.973456263,-0.054856924,-0.732730877,-0.128865454,-0.164746476,-1.348148759,2,Done,BTBT_a=7.7_b=5.9_theta=26.5_R3=-0.2_R4=-0.5_cx=0.4_cy=-2.5_cz=11.9.log
11.9,-0.3,-2.4,7.7,5.9,26.5,-0.25,-0.5,,-4.860472831,-1.293291835,-0.741014009,-1.255070201,-0.055911141,-1.631532275,-0.047540158,-1.231450724,-0.164187992,-0.141340352,-0.811313954,2,Done,BTBT_a=7.7_b=5.9_theta=26.5_R3=-0.25_R4=-0.5_cx=-0.3_cy=-2.4_cz=11.9.log
11.9,0.7,-2.5,7.7,5.9,26.5,-0.25,-0.5,,-4.861084653,-0.657649305,-1.623267968,-1.736263694,-0.03955823,-0.770519529,-0.057988199,-0.601568736,-0.123067261,-0.171084326,-1.522740866,1,Done,BTBT_a=7.7_b=5.9_theta=26.5_R3=-0.25_R4=-0.5_cx=0.7_cy=-2.5_cz=11.9.log
11.9,-0.7,-2.4,7.7,5.9,26.5,-0.25,-0.5,,-4.906186935,-1.591465762,-0.518436212,-0.994339796,-0.060341362,-1.731199689,-0.041189756,-1.530534541,-0.181319015,-0.127779861,-0.598067231,1,Done,BTBT_a=7.7_b=5.9_theta=26.5_R3=-0.25_R4=-0.5_cx=-0.7_cy=-2.4_cz=11.9.log
11.9,0.4,-2.4,7.7,5.9,26.5,-0.2,-0.5,,-4.889495168,-0.668869184,-1.381676618,-1.671303859,-0.045996483,-1.184607103,-0.057122235,-0.728557935,-0.134205563,-0.17380772,-1.348136209,2,Done,BTBT_a=7.7_b=5.9_theta=26.5_R3=-0.2_R4=-0.5_cx=0.4_cy=-2.4_cz=11.9.log
11.9,-0.4,-2.5,7.7,5.9,26.5,-0.25,-0.5,,-4.858885231,-1.468630679,-0.841327757,-0.973456263,-0.054856924,-1.619967266,-0.044170429,-1.309042336,-0.159657369,-0.132285383,-0.756695484,2,Done,BTBT_a=7.7_b=5.9_theta=26.5_R3=-0.25_R4=-0.5_cx=-0.4_cy=-2.5_cz=11.9.log
11.9,0.7,-2.4,7.7,5.9,26.5,-0.25,-0.5,,-4.906190072,-0.518436212,-1.591465762,-1.731199689,-0.041189756,-0.994346071,-0.060341362,-0.598067231,-0.127779861,-0.181319015,-1.530534541,2,Done,BTBT_a=7.7_b=5.9_theta=26.5_R3=-0.25_R4=-0.5_cx=0.7_cy=-2.4_cz=11.9.log
11.9,0.4,-2.3,7.7,5.9,26.5,-0.2,-0.5,,-4.788440958,-0.432492442,-1.255666335,-1.68264924,-0.047922939,-1.313849062,-0.059500498,-0.723606881,-0.139777853,-0.183389797,-1.345626169,2,Done,BTBT_a=7.7_b=5.9_theta=26.5_R3=-0.2_R4=-0.5_cx=0.4_cy=-2.3_cz=11.9.log
11.9,-0.7,-2.3,7.7,5.9,26.5,-0.25,-0.5,,-4.85550609,-1.535272241,-0.323995963,-1.136690439,-0.062826301,-1.702497381,-0.042902859,-1.534563155,-0.192193763,-0.132636789,-0.594019791,1,Done,BTBT_a=7.7_b=5.9_theta=26.5_R3=-0.25_R4=-0.5_cx=-0.7_cy=-2.3_cz=11.9.log
11.9,-0.4,-2.4,7.7,5.9,26.5,-0.25,-0.5,,-4.871805661,-1.381676618,-0.668869184,-1.184613378,-0.057122235,-1.671297583,-0.045996483,-1.308452477,-0.168348383,-0.137820021,-0.75239704,2,Done,BTBT_a=7.7_b=5.9_theta=26.5_R3=-0.25_R4=-0.5_cx=-0.4_cy=-2.4_cz=11.9.log
11.9,0.7,-2.3,7.7,5.9,26.5,-0.25,-0.5,,-4.85550609,-0.323995963,-1.535272241,-1.702497381,-0.042902859,-1.136690439,-0.062826301,-0.594019791,-0.132636789,-0.192193763,-1.534563155,2,Done,BTBT_a=7.7_b=5.9_theta=26.5_R3=-0.25_R4=-0.5_cx=0.7_cy=-2.3_cz=11.9.log
11.9,0.5,-2.5,7.7,5.9,26.5,-0.2,-0.5,,-4.88189916,-0.772835041,-1.529900756,-1.670714,-0.04265813,-0.896893768,-0.055967617,-0.679342326,-0.125884781,-0.168743714,-1.423443684,2,Done,BTBT_a=7.7_b=5.9_theta=26.5_R3=-0.2_R4=-0.5_cx=0.5_cy=-2.5_cz=11.9.log
11.9,-0.4,-2.3,7.7,5.9,26.5,-0.25,-0.5,,-4.769941964,-1.255666335,-0.432492442,-1.313836512,-0.059500498,-1.68264924,-0.047922939,-1.305484354,-0.177535129,-0.143593113,-0.747295384,2,Done,BTBT_a=7.7_b=5.9_theta=26.5_R3=-0.25_R4=-0.5_cx=-0.4_cy=-2.3_cz=11.9.log
11.9,0.5,-2.4,7.7,5.9,26.5,-0.2,-0.5,,-4.905524911,-0.607235152,-1.462060649,-1.701405514,-0.044408883,-1.11667287,-0.058258028,-0.675401563,-0.130955062,-0.178332067,-1.425815672,2,Done,BTBT_a=7.7_b=5.9_theta=26.5_R3=-0.2_R4=-0.5_cx=0.5_cy=-2.4_cz=11.9.log
11.9,-0.3,-2.3,7.7,5.9,26.5,-0.25,-0.5,,-4.746447989,-1.143065941,-0.502064476,-1.37425945,-0.058245478,-1.658690908,-0.049541915,-1.227334259,-0.17286018,-0.1474523,-0.805867167,2,Done,BTBT_a=7.7_b=5.9_theta=26.5_R3=-0.25_R4=-0.5_cx=-0.3_cy=-2.3_cz=11.9.log
11.9,0.5,-2.3,7.7,5.9,26.5,-0.2,-0.5,,-4.819647031,-0.379398821,-1.360309903,-1.697979309,-0.046278863,-1.253237871,-0.060686492,-0.670757989,-0.136201046,-0.188466353,-1.425276013,2,Done,BTBT_a=7.7_b=5.9_theta=26.5_R3=-0.2_R4=-0.5_cx=0.5_cy=-2.3_cz=11.9.log
11.9,-0.2,-2.3,7.7,5.9,26.5,-0.25,-0.5,,-4.728447864,-1.025859623,-0.586841077,-1.433119888,-0.056933982,-1.626524745,-0.05112324,-1.150326231,-0.168310732,-0.151399337,-0.868210286,2,Done,BTBT_a=7.7_b=5.9_theta=26.5_R3=-0.25_R4=-0.5_cx=-0.2_cy=-2.3_cz=11.9.log
11.9,0.6,-2.5,7.7,5.9,26.5,-0.2,-0.5,,-4.885375566,-0.71130141,-1.581745632,-1.70961962,-0.041114455,-0.828777557,-0.057003008,-0.629486657,-0.122954309,-0.172803704,-1.495350055,2,Done,BTBT_a=7.7_b=5.9_theta=26.5_R3=-0.2_R4=-0.5_cx=0.6_cy=-2.5_cz=11.9.log
11.9,-0.5,-2.5,7.7,5.9,26.5,-0.25,-0.5,,-4.862063569,-1.529900756,-0.772835041,-0.896893768,-0.055967617,-1.670714,-0.04265813,-1.383634449,-0.163409879,-0.129160383,-0.701374202,2,Done,BTBT_a=7.7_b=5.9_theta=26.5_R3=-0.25_R4=-0.5_cx=-0.5_cy=-2.5_cz=11.9.log
11.9,0.6,-2.4,7.7,5.9,26.5,-0.2,-0.5,,-4.920202371,-0.55693395,-1.532467272,-1.721410532,-0.042808732,-1.052798628,-0.059337346,-0.625803173,-0.127761036,-0.18292544,-1.500834492,2,Done,BTBT_a=7.7_b=5.9_theta=26.5_R3=-0.2_R4=-0.5_cx=0.6_cy=-2.4_cz=11.9.log
11.9,-0.5,-2.4,7.7,5.9,26.5,-0.25,-0.5,,-4.884500189,-1.462060649,-0.607235152,-1.11667287,-0.058258028,-1.701399239,-0.044408883,-1.385159299,-0.172596626,-0.134400092,-0.697326763,2,Done,BTBT_a=7.7_b=5.9_theta=26.5_R3=-0.25_R4=-0.5_cx=-0.5_cy=-2.4_cz=11.9.log
11.9,0.6,-2.3,7.7,5.9,26.5,-0.2,-0.5,,-4.851935558,-0.34328562,-1.454216775,-1.704593264,-0.044603411,-1.193781299,-0.061784635,-0.621485904,-0.132730915,-0.193668411,-1.502917825,2,Done,BTBT_a=7.7_b=5.9_theta=26.5_R3=-0.2_R4=-0.5_cx=0.6_cy=-2.3_cz=11.9.log
11.9,-0.5,-2.3,7.7,5.9,26.5,-0.25,-0.5,,-4.797555541,-1.360309903,-0.379398821,-1.253244146,-0.060686492,-1.697979309,-0.046278863,-1.383904279,-0.18231048,-0.139834328,-0.692557687,2,Done,BTBT_a=7.7_b=5.9_theta=26.5_R3=-0.25_R4=-0.5_cx=-0.5_cy=-2.3_cz=11.9.log
11.9,-0.6,-2.5,7.7,5.9,26.5,-0.25,-0.5,,-4.863469191,-1.581745632,-0.711295135,-0.828777557,-0.057003008,-1.709613345,-0.041114455,-1.455666322,-0.167218865,-0.126091859,-0.649717579,2,Done,BTBT_a=7.7_b=5.9_theta=26.5_R3=-0.25_R4=-0.5_cx=-0.6_cy=-2.5_cz=11.9.log
11.9,-0.6,-2.4,7.7,5.9,26.5,-0.25,-0.5,,-4.896698984,-1.532467272,-0.55693395,-1.052804903,-0.059337346,-1.721410532,-0.042808732,-1.459927115,-0.176920169,-0.131055463,-0.645914868,2,Done,BTBT_a=7.7_b=5.9_theta=26.5_R3=-0.25_R4=-0.5_cx=-0.6_cy=-2.4_cz=11.9.log
11.9,-0.6,-2.3,7.7,5.9,26.5,-0.25,-0.5,,-4.826966935,-1.454216775,-0.34328562,-1.193787574,-0.061784635,-1.704593264,-0.044597136,-1.460981332,-0.187192508,-0.13619477,-0.641465822,2,Done,BTBT_a=7.7_b=5.9_theta=26.5_R3=-0.25_R4=-0.5_cx=-0.6_cy=-2.3_cz=11.9.log
